{
  "project_info": {
    "project_number": "425080827239",
    "firebase_url": "https://goodbargain-2313.firebaseio.com",
    "project_id": "goodbargain-2313",
    "storage_bucket": "goodbargain-2313.appspot.com"
  },
  "client": [
    {
      "client_info": {
        "mobilesdk_app_id": "1:425080827239:android:f4c0731d067c6544a5d3c2",
        "android_client_info": {
          "package_name": "com.example.kenxhin23.allgoodbargain"
        }
      },
      "oauth_client": [
        {
          "client_id": "425080827239-vbnt94bmjc2lbukl61vuk4qla1ipc8lm.apps.googleusercontent.com",
          "client_type": 1,
          "android_info": {
            "package_name": "com.example.kenxhin23.allgoodbargain",
            "certificate_hash": "bba9afd3b88545a71210c7b50fafd641f4833f02"
          }
        },
        {
          "client_id": "425080827239-cokcds6ghh8t8hfvh4blsmqb3ese4egi.apps.googleusercontent.com",
          "client_type": 3
        }
      ],
      "api_key": [
        {
          "current_key": "AIzaSyAql9w3aUgGh8Nze4JrstoGbusVrwcon60"
        }
      ],
      "services": {
        "appinvite_service": {
          "other_platform_oauth_client": [
            {
              "client_id": "425080827239-cokcds6ghh8t8hfvh4blsmqb3ese4egi.apps.googleusercontent.com",
              "client_type": 3
            }
          ]
        }
      }
    },
    {
      "client_info": {
        "mobilesdk_app_id": "1:425080827239:android:0380b7457be6e4a5a5d3c2",
        "android_client_info": {
          "package_name": "com.example.kenxhin23.goodbargain"
        }
      },
      "oauth_client": [
        {
          "client_id": "425080827239-cokcds6ghh8t8hfvh4blsmqb3ese4egi.apps.googleusercontent.com",
          "client_type": 3
        }
      ],
      "api_key": [
        {
          "current_key": "AIzaSyAql9w3aUgGh8Nze4JrstoGbusVrwcon60"
        }
      ],
      "services": {
        "appinvite_service": {
          "other_platform_oauth_client": [
            {
              "client_id": "425080827239-cokcds6ghh8t8hfvh4blsmqb3ese4egi.apps.googleusercontent.com",
              "client_type": 3
            }
          ]
        }
      }
    }
  ],
  "configuration_version": "1"
}